PopName,Sex,Year,Age,mx,qx,ax,lx,dx,Lx,Tx,ex
Div2,f,1960-1969,0,0.02027,0.01991,0.11,100000,1991,98227,7327796,73.28
Div2,f,1960-1969,1,0.00118,0.00118,0.5,98009,115,97951,7229569,73.76
Div2,f,1960-1969,2,0.00075,0.00075,0.5,97893,73,97857,7131618,72.85
Div2,f,1960-1969,3,0.00060,0.00059,0.5,97820,58,97791,7033762,71.91
Div2,f,1960-1969,4,0.00050,0.00050,0.5,97762,49,97737,6935971,70.95
Div2,f,1960-1969,5,0.00044,0.00044,0.5,97713,43,97692,6838233,69.98
Div2,f,1960-1969,6,0.00036,0.00036,0.5,97670,35,97652,6740542,69.01
Div2,f,1960-1969,7,0.00033,0.00033,0.5,97635,32,97619,6642889,68.04
Div2,f,1960-1969,8,0.00030,0.00030,0.5,97602,29,97588,6545271,67.06
Div2,f,1960-1969,9,0.00029,0.00029,0.5,97573,28,97559,6447683,66.08
Div2,f,1960-1969,10,0.00025,0.00025,0.5,97545,25,97533,6350123,65.10
Div2,f,1960-1969,11,0.00025,0.00025,0.5,97521,25,97508,6252590,64.12
Div2,f,1960-1969,12,0.00026,0.00026,0.5,97496,25,97483,6155082,63.13
Div2,f,1960-1969,13,0.00027,0.00027,0.5,97471,27,97457,6057598,62.15
Div2,f,1960-1969,14,0.00031,0.00031,0.5,97444,30,97429,5960141,61.16
Div2,f,1960-1969,15,0.00038,0.00038,0.5,97414,37,97395,5862712,60.18
Div2,f,1960-1969,16,0.00041,0.00041,0.5,97376,40,97356,5765317,59.21
Div2,f,1960-1969,17,0.00046,0.00046,0.5,97336,45,97314,5667961,58.23
Div2,f,1960-1969,18,0.00055,0.00055,0.5,97292,53,97265,5570647,57.26
Div2,f,1960-1969,19,0.00056,0.00056,0.5,97239,54,97212,5473381,56.29
Div2,f,1960-1969,20,0.00060,0.00060,0.5,97185,58,97156,5376170,55.32
Div2,f,1960-1969,21,0.00064,0.00064,0.5,97127,62,97095,5279014,54.35
Div2,f,1960-1969,22,0.00064,0.00064,0.5,97064,62,97033,5181919,53.39
Div2,f,1960-1969,23,0.00065,0.00065,0.5,97002,63,96971,5084885,52.42
Div2,f,1960-1969,24,0.00072,0.00072,0.5,96939,69,96904,4987914,51.45
Div2,f,1960-1969,25,0.00075,0.00075,0.5,96870,72,96834,4891010,50.49
Div2,f,1960-1969,26,0.00077,0.00077,0.5,96798,74,96760,4794176,49.53
Div2,f,1960-1969,27,0.00082,0.00082,0.5,96723,79,96684,4697416,48.57
Div2,f,1960-1969,28,0.00090,0.00090,0.5,96644,87,96601,4600732,47.60
Div2,f,1960-1969,29,0.00094,0.00094,0.5,96557,91,96512,4504132,46.65
Div2,f,1960-1969,30,0.00104,0.00104,0.5,96466,101,96416,4407620,45.69
Div2,f,1960-1969,31,0.00109,0.00109,0.5,96366,105,96313,4311204,44.74
Div2,f,1960-1969,32,0.00120,0.00120,0.5,96261,116,96203,4214890,43.79
Div2,f,1960-1969,33,0.00126,0.00126,0.5,96145,121,96085,4118687,42.84
Div2,f,1960-1969,34,0.00140,0.00140,0.5,96024,134,95957,4022603,41.89
Div2,f,1960-1969,35,0.00154,0.00153,0.5,95890,147,95816,3926646,40.95
Div2,f,1960-1969,36,0.00161,0.00161,0.5,95743,154,95665,3830830,40.01
Div2,f,1960-1969,37,0.00177,0.00177,0.5,95588,169,95503,3735164,39.08
Div2,f,1960-1969,38,0.00194,0.00193,0.5,95419,185,95326,3639661,38.14
Div2,f,1960-1969,39,0.00213,0.00213,0.5,95234,202,95133,3544334,37.22
Div2,f,1960-1969,40,0.00232,0.00232,0.5,95032,220,94922,3449201,36.30
Div2,f,1960-1969,41,0.00247,0.00247,0.5,94811,234,94694,3354280,35.38
Div2,f,1960-1969,42,0.00286,0.00285,0.5,94577,270,94442,3259586,34.46
Div2,f,1960-1969,43,0.00298,0.00298,0.5,94307,281,94167,3165143,33.56
Div2,f,1960-1969,44,0.00316,0.00315,0.5,94027,297,93878,3070976,32.66
Div2,f,1960-1969,45,0.00364,0.00363,0.5,93730,340,93560,2977098,31.76
Div2,f,1960-1969,46,0.00391,0.00390,0.5,93389,364,93207,2883539,30.88
Div2,f,1960-1969,47,0.00430,0.00429,0.5,93025,399,92826,2790331,30.00
Div2,f,1960-1969,48,0.00467,0.00466,0.5,92626,432,92410,2697505,29.12
Div2,f,1960-1969,49,0.00511,0.00510,0.5,92194,470,91959,2605095,28.26
Div2,f,1960-1969,50,0.00571,0.00569,0.5,91724,522,91463,2513136,27.40
Div2,f,1960-1969,51,0.00598,0.00596,0.5,91202,544,90930,2421673,26.55
Div2,f,1960-1969,52,0.00664,0.00662,0.5,90658,600,90358,2330743,25.71
Div2,f,1960-1969,53,0.00706,0.00704,0.5,90058,634,89742,2240384,24.88
Div2,f,1960-1969,54,0.00763,0.00760,0.5,89425,680,89085,2150643,24.05
Div2,f,1960-1969,55,0.00832,0.00828,0.5,88745,735,88377,2061558,23.23
Div2,f,1960-1969,56,0.00894,0.00890,0.5,88010,784,87618,1973181,22.42
Div2,f,1960-1969,57,0.00968,0.00963,0.5,87226,840,86806,1885563,21.62
Div2,f,1960-1969,58,0.01069,0.01064,0.5,86386,919,85927,1798757,20.82
Div2,f,1960-1969,59,0.01150,0.01143,0.5,85467,977,84979,1712830,20.04
Div2,f,1960-1969,60,0.01275,0.01267,0.5,84490,1070,83955,1627852,19.27
Div2,f,1960-1969,61,0.01330,0.01321,0.5,83420,1102,82869,1543897,18.51
Div2,f,1960-1969,62,0.01576,0.01564,0.5,82318,1288,81674,1461028,17.75
Div2,f,1960-1969,63,0.01636,0.01623,0.5,81031,1315,80373,1379353,17.02
Div2,f,1960-1969,64,0.01758,0.01742,0.5,79715,1389,79021,1298980,16.30
Div2,f,1960-1969,65,0.02067,0.02046,0.5,78327,1603,77525,1219960,15.58
Div2,f,1960-1969,66,0.02120,0.02098,0.5,76724,1609,75919,1142434,14.89
Div2,f,1960-1969,67,0.02420,0.02392,0.5,75114,1796,74216,1066515,14.20
Div2,f,1960-1969,68,0.02679,0.02643,0.5,73318,1938,72349,992299,13.53
Div2,f,1960-1969,69,0.02862,0.02822,0.5,71380,2014,70373,919950,12.89
Div2,f,1960-1969,70,0.03331,0.03277,0.5,69366,2273,68229,849577,12.25
Div2,f,1960-1969,71,0.03343,0.03288,0.5,67093,2206,65990,781348,11.65
Div2,f,1960-1969,72,0.04074,0.03993,0.5,64887,2591,63592,715358,11.02
Div2,f,1960-1969,73,0.04341,0.04248,0.5,62296,2647,60973,651766,10.46
Div2,f,1960-1969,74,0.04750,0.04640,0.5,59650,2768,58266,590793,9.90
Div2,f,1960-1969,75,0.05501,0.05354,0.5,56882,3045,55359,532527,9.36
Div2,f,1960-1969,76,0.05717,0.05558,0.5,53837,2992,52341,477167,8.86
Div2,f,1960-1969,77,0.06164,0.05980,0.5,50844,3040,49324,424827,8.36
Div2,f,1960-1969,78,0.07088,0.06846,0.5,47804,3273,46168,375503,7.86
Div2,f,1960-1969,79,0.07656,0.07374,0.5,44531,3284,42890,329335,7.40
Div2,f,1960-1969,80,0.09069,0.08676,0.5,41248,3579,39459,286445,6.94
Div2,f,1960-1969,81,0.09048,0.08656,0.5,37669,3261,36039,246987,6.56
Div2,f,1960-1969,82,0.10479,0.09958,0.5,34409,3426,32695,210948,6.13
Div2,f,1960-1969,83,0.11629,0.10990,0.5,30982,3405,29280,178252,5.75
Div2,f,1960-1969,84,0.12774,0.12007,0.5,27577,3311,25922,148973,5.40
Div2,f,1960-1969,85,0.14353,0.13392,0.5,24266,3250,22641,123051,5.07
Div2,f,1960-1969,86,0.15423,0.14319,0.5,21017,3009,19512,100409,4.78
Div2,f,1960-1969,87,0.16787,0.15487,0.5,18007,2789,16613,80897,4.49
Div2,f,1960-1969,88,0.18122,0.16617,0.5,15218,2529,13954,64285,4.22
Div2,f,1960-1969,89,0.19764,0.17987,0.5,12690,2282,11548,50331,3.97
Div2,f,1960-1969,90,0.22290,0.20055,0.5,10407,2087,9364,38782,3.73
Div2,f,1960-1969,91,0.22256,0.20027,0.5,8320,1666,7487,29419,3.54
Div2,f,1960-1969,92,0.25350,0.22498,0.5,6654,1497,5905,21932,3.30
Div2,f,1960-1969,93,0.27192,0.23937,0.5,5157,1234,4540,16026,3.11
Div2,f,1960-1969,94,0.29478,0.25692,0.5,3922,1008,3419,11487,2.93
Div2,f,1960-1969,95,0.31458,0.27182,0.5,2915,792,2519,8068,2.77
Div2,f,1960-1969,96,0.33746,0.28874,0.5,2122,613,1816,5550,2.61
Div2,f,1960-1969,97,0.36113,0.30589,0.5,1510,462,1279,3734,2.47
Div2,f,1960-1969,98,0.38549,0.32320,0.5,1048,339,878,2455,2.34
Div2,f,1960-1969,99,0.41044,0.34055,0.5,709,242,588,1577,2.22
Div2,f,1960-1969,100,0.43586,0.35787,0.5,468,167,384,988,2.11
Div2,f,1960-1969,101,0.46163,0.37506,0.5,300,113,244,604,2.01
Div2,f,1960-1969,102,0.48759,0.39202,0.5,188,74,151,360,1.92
Div2,f,1960-1969,103,0.51363,0.40868,0.5,114,47,91,209,1.84
Div2,f,1960-1969,104,0.53959,0.42494,0.5,67,29,53,119,1.76
Div2,f,1960-1969,105,0.56534,0.44075,0.5,39,17,30,66,1.69
Div2,f,1960-1969,106,0.59074,0.45604,0.5,22,10,17,35,1.63
Div2,f,1960-1969,107,0.61567,0.47076,0.5,12,6,9,19,1.57
Div2,f,1960-1969,108,0.64000,0.48485,0.5,6,3,5,9,1.52
Div2,f,1960-1969,109,0.66364,0.49829,0.5,3,2,2,5,1.48
Div2,f,1960-1969,110+,0.68648,1.00000,1.46,2,2,2,2,1.46
Div2,f,1970-1979,0,0.01453,0.01434,0.09,100000,1434,98700,7566458,75.66
Div2,f,1970-1979,1,0.00087,0.00087,0.5,98566,85,98523,7467757,75.76
Div2,f,1970-1979,2,0.00058,0.00058,0.5,98480,58,98452,7369234,74.83
Div2,f,1970-1979,3,0.00045,0.00045,0.5,98423,45,98401,7270783,73.87
Div2,f,1970-1979,4,0.00038,0.00038,0.5,98378,38,98359,7172382,72.91
Div2,f,1970-1979,5,0.00036,0.00036,0.5,98341,36,98323,7074023,71.93
Div2,f,1970-1979,6,0.00031,0.00031,0.5,98305,31,98289,6975700,70.96
Div2,f,1970-1979,7,0.00028,0.00028,0.5,98274,27,98260,6877410,69.98
Div2,f,1970-1979,8,0.00026,0.00026,0.5,98247,25,98234,6779150,69.00
Div2,f,1970-1979,9,0.00024,0.00024,0.5,98222,24,98210,6680916,68.02
Div2,f,1970-1979,10,0.00021,0.00021,0.5,98198,21,98188,6582706,67.04
Div2,f,1970-1979,11,0.00022,0.00022,0.5,98177,22,98166,6484519,66.05
Div2,f,1970-1979,12,0.00023,0.00023,0.5,98156,23,98144,6386352,65.06
Div2,f,1970-1979,13,0.00027,0.00027,0.5,98133,26,98120,6288208,64.08
Div2,f,1970-1979,14,0.00030,0.00030,0.5,98107,29,98092,6190088,63.10
Div2,f,1970-1979,15,0.00035,0.00035,0.5,98077,34,98060,6091997,62.11
Div2,f,1970-1979,16,0.00043,0.00043,0.5,98043,42,98022,5993937,61.14
Div2,f,1970-1979,17,0.00051,0.00051,0.5,98001,50,97976,5895915,60.16
Div2,f,1970-1979,18,0.00056,0.00056,0.5,97951,55,97923,5797939,59.19
Div2,f,1970-1979,19,0.00057,0.00057,0.5,97896,56,97868,5700016,58.23
Div2,f,1970-1979,20,0.00060,0.00060,0.5,97840,59,97810,5602148,57.26
Div2,f,1970-1979,21,0.00062,0.00062,0.5,97781,60,97751,5504338,56.29
Div2,f,1970-1979,22,0.00063,0.00063,0.5,97720,62,97690,5406587,55.33
Div2,f,1970-1979,23,0.00062,0.00062,0.5,97659,61,97628,5308898,54.36
Div2,f,1970-1979,24,0.00065,0.00065,0.5,97598,63,97566,5211269,53.40
Div2,f,1970-1979,25,0.00068,0.00068,0.5,97534,66,97501,5113703,52.43
Div2,f,1970-1979,26,0.00072,0.00072,0.5,97468,70,97433,5016202,51.46
Div2,f,1970-1979,27,0.00071,0.00071,0.5,97398,69,97363,4918769,50.50
Div2,f,1970-1979,28,0.00076,0.00076,0.5,97329,74,97292,4821405,49.54
Div2,f,1970-1979,29,0.00080,0.00080,0.5,97255,78,97216,4724113,48.57
Div2,f,1970-1979,30,0.00082,0.00082,0.5,97177,79,97138,4626897,47.61
Div2,f,1970-1979,31,0.00091,0.00091,0.5,97098,88,97054,4529759,46.65
Div2,f,1970-1979,32,0.00097,0.00097,0.5,97010,94,96963,4432705,45.69
Div2,f,1970-1979,33,0.00104,0.00104,0.5,96916,101,96866,4335742,44.74
Div2,f,1970-1979,34,0.00111,0.00111,0.5,96815,108,96762,4238877,43.78
Div2,f,1970-1979,35,0.00126,0.00126,0.5,96708,122,96647,4142115,42.83
Div2,f,1970-1979,36,0.00133,0.00133,0.5,96586,129,96522,4045468,41.88
Div2,f,1970-1979,37,0.00150,0.00150,0.5,96457,144,96385,3948947,40.94
Div2,f,1970-1979,38,0.00162,0.00162,0.5,96313,156,96235,3852562,40.00
Div2,f,1970-1979,39,0.00174,0.00174,0.5,96157,167,96074,3756327,39.06
Div2,f,1970-1979,40,0.00196,0.00196,0.5,95990,188,95896,3660253,38.13
Div2,f,1970-1979,41,0.00211,0.00211,0.5,95802,202,95701,3564357,37.21
Div2,f,1970-1979,42,0.00247,0.00247,0.5,95600,236,95482,3468656,36.28
Div2,f,1970-1979,43,0.00268,0.00268,0.5,95364,255,95236,3373174,35.37
Div2,f,1970-1979,44,0.00278,0.00277,0.5,95108,264,94976,3277938,34.47
Div2,f,1970-1979,45,0.00310,0.00310,0.5,94844,294,94698,3182962,33.56
Div2,f,1970-1979,46,0.00349,0.00348,0.5,94551,329,94386,3088264,32.66
Div2,f,1970-1979,47,0.00372,0.00372,0.5,94221,350,94046,2993878,31.77
Div2,f,1970-1979,48,0.00406,0.00405,0.5,93871,380,93681,2899832,30.89
Div2,f,1970-1979,49,0.00445,0.00444,0.5,93491,415,93283,2806151,30.02
Div2,f,1970-1979,50,0.00477,0.00476,0.5,93076,443,92854,2712867,29.15
Div2,f,1970-1979,51,0.00500,0.00499,0.5,92633,462,92402,2620013,28.28
Div2,f,1970-1979,52,0.00564,0.00563,0.5,92170,519,91911,2527611,27.42
Div2,f,1970-1979,53,0.00609,0.00607,0.5,91652,557,91373,2435700,26.58
Div2,f,1970-1979,54,0.00657,0.00655,0.5,91095,596,90797,2344327,25.73
Div2,f,1970-1979,55,0.00714,0.00712,0.5,90498,644,90176,2253530,24.90
Div2,f,1970-1979,56,0.00778,0.00775,0.5,89854,697,89506,2163354,24.08
Div2,f,1970-1979,57,0.00838,0.00834,0.5,89158,744,88786,2073848,23.26
Div2,f,1970-1979,58,0.00923,0.00919,0.5,88414,813,88008,1985062,22.45
Div2,f,1970-1979,59,0.00992,0.00987,0.5,87601,864,87169,1897054,21.66
Div2,f,1970-1979,60,0.01108,0.01102,0.5,86737,956,86259,1809885,20.87
Div2,f,1970-1979,61,0.01173,0.01166,0.5,85781,1000,85281,1723625,20.09
Div2,f,1970-1979,62,0.01315,0.01306,0.5,84781,1107,84227,1638344,19.32
Div2,f,1970-1979,63,0.01391,0.01381,0.5,83674,1156,83096,1554117,18.57
Div2,f,1970-1979,64,0.01523,0.01511,0.5,82518,1247,81894,1471021,17.83
Div2,f,1970-1979,65,0.01699,0.01685,0.5,81270,1370,80586,1389127,17.09
Div2,f,1970-1979,66,0.01766,0.01751,0.5,79901,1399,79201,1308541,16.38
Div2,f,1970-1979,67,0.01975,0.01955,0.5,78502,1535,77735,1229340,15.66
Div2,f,1970-1979,68,0.02118,0.02096,0.5,76967,1613,76161,1151605,14.96
Div2,f,1970-1979,69,0.02336,0.02309,0.5,75354,1740,74484,1075445,14.27
Div2,f,1970-1979,70,0.02646,0.02611,0.5,73614,1922,72653,1000960,13.60
Div2,f,1970-1979,71,0.02795,0.02757,0.5,71692,1977,70704,928307,12.95
Div2,f,1970-1979,72,0.03178,0.03129,0.5,69715,2181,68625,857604,12.30
Div2,f,1970-1979,73,0.03464,0.03405,0.5,67534,2299,66384,788979,11.68
Div2,f,1970-1979,74,0.03843,0.03771,0.5,65235,2460,64005,722595,11.08
Div2,f,1970-1979,75,0.04361,0.04267,0.5,62775,2679,61435,658590,10.49
Div2,f,1970-1979,76,0.04663,0.04557,0.5,60096,2738,58727,597154,9.94
Div2,f,1970-1979,77,0.05113,0.04986,0.5,57358,2860,55928,538428,9.39
Div2,f,1970-1979,78,0.05795,0.05632,0.5,54498,3069,52963,482500,8.85
Div2,f,1970-1979,79,0.06272,0.06081,0.5,51429,3127,49865,429537,8.35
Div2,f,1970-1979,80,0.07255,0.07001,0.5,48301,3382,46611,379672,7.86
Div2,f,1970-1979,81,0.07601,0.07322,0.5,44920,3289,43275,333061,7.41
Div2,f,1970-1979,82,0.08608,0.08253,0.5,41631,3436,39913,289786,6.96
Div2,f,1970-1979,83,0.09605,0.09165,0.5,38195,3500,36445,249873,6.54
Div2,f,1970-1979,84,0.10578,0.10047,0.5,34694,3486,32952,213428,6.15
Div2,f,1970-1979,85,0.11734,0.11084,0.5,31209,3459,29479,180477,5.78
Div2,f,1970-1979,86,0.12838,0.12064,0.5,27749,3348,26076,150998,5.44
Div2,f,1970-1979,87,0.13811,0.12919,0.5,24402,3152,22826,124922,5.12
Div2,f,1970-1979,88,0.15037,0.13986,0.5,21249,2972,19763,102096,4.80
Div2,f,1970-1979,89,0.16488,0.15232,0.5,18277,2784,16885,82333,4.50
Div2,f,1970-1979,90,0.18634,0.17046,0.5,15493,2641,14173,65447,4.22
Div2,f,1970-1979,91,0.19084,0.17421,0.5,12852,2239,11733,51274,3.99
Div2,f,1970-1979,92,0.21543,0.19448,0.5,10613,2064,9581,39542,3.73
Div2,f,1970-1979,93,0.23363,0.20919,0.5,8549,1788,7655,29960,3.50
Div2,f,1970-1979,94,0.25448,0.22576,0.5,6761,1526,5998,22305,3.30
Div2,f,1970-1979,95,0.27098,0.23864,0.5,5235,1249,4610,16308,3.12
Div2,f,1970-1979,96,0.29217,0.25493,0.5,3985,1016,3477,11698,2.94
Div2,f,1970-1979,97,0.31431,0.27162,0.5,2969,807,2566,8220,2.77
Div2,f,1970-1979,98,0.33732,0.28864,0.5,2163,624,1851,5654,2.61
Div2,f,1970-1979,99,0.36114,0.30590,0.5,1539,471,1303,3804,2.47
Div2,f,1970-1979,100,0.38565,0.32331,0.5,1068,345,895,2500,2.34
Div2,f,1970-1979,101,0.41076,0.34077,0.5,723,246,600,1605,2.22
Div2,f,1970-1979,102,0.43634,0.35820,0.5,476,171,391,1006,2.11
Div2,f,1970-1979,103,0.46227,0.37548,0.5,306,115,248,615,2.01
Div2,f,1970-1979,104,0.48840,0.39254,0.5,191,75,153,366,1.92
Div2,f,1970-1979,105,0.51460,0.40929,0.5,116,47,92,213,1.83
Div2,f,1970-1979,106,0.54071,0.42564,0.5,69,29,54,121,1.76
Div2,f,1970-1979,107,0.56661,0.44152,0.5,39,17,31,67,1.69
Div2,f,1970-1979,108,0.59214,0.45688,0.5,22,10,17,36,1.63
Div2,f,1970-1979,109,0.61719,0.47164,0.5,12,6,9,19,1.59
Div2,f,1970-1979,110+,0.64163,1.00000,1.56,6,6,10,10,1.56
Div2,f,1980-1989,0,0.01020,0.01011,0.08,100000,1011,99072,7759755,77.60
Div2,f,1980-1989,1,0.00068,0.00068,0.5,98989,68,98956,7660683,77.39
Div2,f,1980-1989,2,0.00046,0.00046,0.5,98922,45,98899,7561727,76.44
Div2,f,1980-1989,3,0.00035,0.00035,0.5,98877,34,98859,7462828,75.48
Div2,f,1980-1989,4,0.00028,0.00028,0.5,98842,28,98829,7363969,74.50
Div2,f,1980-1989,5,0.00025,0.00025,0.5,98815,25,98802,7265140,73.52
Div2,f,1980-1989,6,0.00021,0.00021,0.5,98790,21,98779,7166338,72.54
Div2,f,1980-1989,7,0.00020,0.00020,0.5,98769,20,98759,7067559,71.56
Div2,f,1980-1989,8,0.00018,0.00018,0.5,98749,17,98740,6968800,70.57
Div2,f,1980-1989,9,0.00017,0.00017,0.5,98732,16,98724,6870059,69.58
Div2,f,1980-1989,10,0.00017,0.00017,0.5,98715,17,98707,6771336,68.59
Div2,f,1980-1989,11,0.00016,0.00016,0.5,98699,16,98691,6672628,67.61
Div2,f,1980-1989,12,0.00019,0.00019,0.5,98683,19,98673,6573938,66.62
Div2,f,1980-1989,13,0.00020,0.00020,0.5,98664,20,98654,6475264,65.63
Div2,f,1980-1989,14,0.00025,0.00025,0.5,98644,25,98632,6376610,64.64
Div2,f,1980-1989,15,0.00030,0.00030,0.5,98620,29,98605,6277978,63.66
Div2,f,1980-1989,16,0.00033,0.00033,0.5,98591,33,98574,6179373,62.68
Div2,f,1980-1989,17,0.00040,0.00040,0.5,98558,39,98538,6080799,61.70
Div2,f,1980-1989,18,0.00045,0.00045,0.5,98518,44,98496,5982261,60.72
Div2,f,1980-1989,19,0.00047,0.00047,0.5,98475,46,98451,5883765,59.75
Div2,f,1980-1989,20,0.00046,0.00046,0.5,98428,45,98406,5785313,58.78
Div2,f,1980-1989,21,0.00049,0.00049,0.5,98383,48,98359,5686908,57.80
Div2,f,1980-1989,22,0.00050,0.00050,0.5,98335,50,98310,5588549,56.83
Div2,f,1980-1989,23,0.00054,0.00054,0.5,98285,53,98258,5490239,55.86
Div2,f,1980-1989,24,0.00055,0.00055,0.5,98232,54,98205,5391981,54.89
Div2,f,1980-1989,25,0.00060,0.00060,0.5,98177,59,98148,5293776,53.92
Div2,f,1980-1989,26,0.00062,0.00062,0.5,98118,61,98088,5195629,52.95
Div2,f,1980-1989,27,0.00066,0.00066,0.5,98057,64,98025,5097541,51.99
Div2,f,1980-1989,28,0.00073,0.00073,0.5,97993,71,97957,4999516,51.02
Div2,f,1980-1989,29,0.00073,0.00073,0.5,97922,71,97886,4901559,50.06
Div2,f,1980-1989,30,0.00081,0.00081,0.5,97851,79,97811,4803673,49.09
Div2,f,1980-1989,31,0.00086,0.00086,0.5,97772,84,97730,4705861,48.13
Div2,f,1980-1989,32,0.00090,0.00090,0.5,97687,88,97643,4608132,47.17
Div2,f,1980-1989,33,0.00100,0.00100,0.5,97600,97,97551,4510488,46.21
Div2,f,1980-1989,34,0.00103,0.00103,0.5,97502,101,97452,4412938,45.26
Div2,f,1980-1989,35,0.00107,0.00107,0.5,97402,104,97350,4315486,44.31
Div2,f,1980-1989,36,0.00116,0.00116,0.5,97298,113,97241,4218136,43.35
Div2,f,1980-1989,37,0.00123,0.00123,0.5,97185,119,97125,4120895,42.40
Div2,f,1980-1989,38,0.00138,0.00138,0.5,97065,134,96998,4023770,41.45
Div2,f,1980-1989,39,0.00135,0.00135,0.5,96931,131,96866,3926772,40.51
Div2,f,1980-1989,40,0.00153,0.00153,0.5,96800,148,96726,3829906,39.57
Div2,f,1980-1989,41,0.00166,0.00166,0.5,96652,160,96572,3733180,38.62
Div2,f,1980-1989,42,0.00186,0.00186,0.5,96492,180,96402,3636608,37.69
Div2,f,1980-1989,43,0.00200,0.00200,0.5,96312,193,96216,3540206,36.76
Div2,f,1980-1989,44,0.00213,0.00213,0.5,96119,205,96017,3443990,35.83
Div2,f,1980-1989,45,0.00250,0.00250,0.5,95915,240,95795,3347973,34.91
Div2,f,1980-1989,46,0.00266,0.00265,0.5,95675,254,95548,3252178,33.99
Div2,f,1980-1989,47,0.00301,0.00301,0.5,95421,287,95278,3156630,33.08
Div2,f,1980-1989,48,0.00334,0.00334,0.5,95134,318,94975,3061353,32.18
Div2,f,1980-1989,49,0.00349,0.00348,0.5,94816,330,94651,2966377,31.29
Div2,f,1980-1989,50,0.00397,0.00396,0.5,94486,374,94299,2871726,30.39
Div2,f,1980-1989,51,0.00451,0.00450,0.5,94112,423,93900,2777427,29.51
Div2,f,1980-1989,52,0.00487,0.00486,0.5,93689,455,93461,2683526,28.64
Div2,f,1980-1989,53,0.00531,0.00530,0.5,93233,494,92987,2590065,27.78
Div2,f,1980-1989,54,0.00561,0.00559,0.5,92740,518,92481,2497079,26.93
Div2,f,1980-1989,55,0.00617,0.00615,0.5,92221,567,91938,2404598,26.07
Div2,f,1980-1989,56,0.00683,0.00681,0.5,91654,624,91343,2312660,25.23
Div2,f,1980-1989,57,0.00726,0.00723,0.5,91031,658,90702,2221318,24.40
Div2,f,1980-1989,58,0.00826,0.00823,0.5,90373,744,90001,2130616,23.58
Div2,f,1980-1989,59,0.00873,0.00869,0.5,89629,779,89239,2040616,22.77
Div2,f,1980-1989,60,0.00957,0.00952,0.5,88850,846,88427,1951376,21.96
Div2,f,1980-1989,61,0.01043,0.01038,0.5,88004,913,87547,1862949,21.17
Div2,f,1980-1989,62,0.01210,0.01203,0.5,87091,1048,86567,1775402,20.39
Div2,f,1980-1989,63,0.01285,0.01277,0.5,86043,1098,85494,1688835,19.63
Div2,f,1980-1989,64,0.01345,0.01336,0.5,84944,1135,84377,1603342,18.88
Div2,f,1980-1989,65,0.01492,0.01481,0.5,83810,1241,83189,1518965,18.12
Div2,f,1980-1989,66,0.01639,0.01625,0.5,82569,1342,81898,1435776,17.39
Div2,f,1980-1989,67,0.01766,0.01750,0.5,81227,1422,80516,1353878,16.67
Div2,f,1980-1989,68,0.01942,0.01923,0.5,79805,1535,79038,1273362,15.96
Div2,f,1980-1989,69,0.02058,0.02037,0.5,78270,1595,77473,1194324,15.26
Div2,f,1980-1989,70,0.02294,0.02268,0.5,76676,1739,75806,1116852,14.57
Div2,f,1980-1989,71,0.02511,0.02480,0.5,74936,1858,74007,1041046,13.89
Div2,f,1980-1989,72,0.02810,0.02771,0.5,73078,2025,72065,967039,13.23
Div2,f,1980-1989,73,0.03079,0.03032,0.5,71053,2155,69976,894973,12.60
Div2,f,1980-1989,74,0.03223,0.03172,0.5,68898,2185,67806,824998,11.97
Div2,f,1980-1989,75,0.03556,0.03494,0.5,66713,2331,65548,757192,11.35
Div2,f,1980-1989,76,0.03965,0.03888,0.5,64382,2503,63131,691644,10.74
Div2,f,1980-1989,77,0.04293,0.04202,0.5,61879,2600,60579,628514,10.16
Div2,f,1980-1989,78,0.04721,0.04612,0.5,59279,2734,57912,567935,9.58
Div2,f,1980-1989,79,0.05121,0.04993,0.5,56545,2823,55133,510023,9.02
Div2,f,1980-1989,80,0.06133,0.05951,0.5,53721,3197,52123,454890,8.47
Div2,f,1980-1989,81,0.06680,0.06464,0.5,50525,3266,48892,402767,7.97
Div2,f,1980-1989,82,0.07495,0.07225,0.5,47259,3414,45552,353875,7.49
Div2,f,1980-1989,83,0.08292,0.07962,0.5,43844,3491,42099,308324,7.03
Div2,f,1980-1989,84,0.09284,0.08872,0.5,40353,3580,38563,266225,6.60
Div2,f,1980-1989,85,0.10178,0.09685,0.5,36773,3561,34992,227661,6.19
Div2,f,1980-1989,86,0.11291,0.10687,0.5,33212,3549,31437,192669,5.80
Div2,f,1980-1989,87,0.12500,0.11765,0.5,29662,3490,27917,161232,5.44
Div2,f,1980-1989,88,0.13567,0.12705,0.5,26172,3325,24510,133314,5.09
Div2,f,1980-1989,89,0.15019,0.13970,0.5,22847,3192,21251,108805,4.76
Div2,f,1980-1989,90,0.16623,0.15347,0.5,19655,3017,18147,87553,4.45
Div2,f,1980-1989,91,0.18023,0.16534,0.5,16639,2751,15263,69406,4.17
Div2,f,1980-1989,92,0.19953,0.18143,0.5,13888,2520,12628,54143,3.90
Div2,f,1980-1989,93,0.21809,0.19665,0.5,11368,2236,10250,41515,3.65
Div2,f,1980-1989,94,0.23954,0.21392,0.5,9133,1954,8156,31264,3.42
Div2,f,1980-1989,95,0.25714,0.22785,0.5,7179,1636,6361,23108,3.22
Div2,f,1980-1989,96,0.27902,0.24486,0.5,5543,1357,4865,16747,3.02
Div2,f,1980-1989,97,0.30201,0.26239,0.5,4186,1098,3637,11883,2.84
Div2,f,1980-1989,98,0.32603,0.28033,0.5,3088,866,2655,8246,2.67
Div2,f,1980-1989,99,0.35100,0.29860,0.5,2222,664,1890,5591,2.52
Div2,f,1980-1989,100,0.37682,0.31708,0.5,1559,494,1311,3701,2.37
Div2,f,1980-1989,101,0.40336,0.33566,0.5,1064,357,886,2389,2.24
Div2,f,1980-1989,102,0.43047,0.35423,0.5,707,250,582,1503,2.13
Div2,f,1980-1989,103,0.45800,0.37266,0.5,457,170,372,922,2.02
Div2,f,1980-1989,104,0.48580,0.39086,0.5,286,112,230,550,1.92
Div2,f,1980-1989,105,0.51368,0.40871,0.5,174,71,139,320,1.83
Div2,f,1980-1989,106,0.54148,0.42611,0.5,103,44,81,181,1.75
Div2,f,1980-1989,107,0.56902,0.44299,0.5,59,26,46,100,1.68
Div2,f,1980-1989,108,0.59615,0.45925,0.5,33,15,25,53,1.62
Div2,f,1980-1989,109,0.62269,0.47485,0.5,18,8,14,28,1.57
Div2,f,1980-1989,110+,0.64852,1.00000,1.54,9,9,14,14,1.54
Div2,f,1990-1999,0,0.00759,0.00753,0.07,100000,753,99302,7897830,78.98
Div2,f,1990-1999,1,0.00054,0.00054,0.5,99247,53,99220,7798528,78.58
Div2,f,1990-1999,2,0.00033,0.00033,0.5,99193,32,99177,7699308,77.62
Div2,f,1990-1999,3,0.00026,0.00026,0.5,99161,26,99148,7600131,76.64
Div2,f,1990-1999,4,0.00020,0.00020,0.5,99135,20,99125,7500983,75.66
Div2,f,1990-1999,5,0.00018,0.00018,0.5,99115,18,99106,7401858,74.68
Div2,f,1990-1999,6,0.00017,0.00017,0.5,99097,16,99089,7302752,73.69
Div2,f,1990-1999,7,0.00015,0.00015,0.5,99081,15,99073,7203663,72.70
Div2,f,1990-1999,8,0.00016,0.00016,0.5,99066,16,99058,7104590,71.72
Div2,f,1990-1999,9,0.00014,0.00014,0.5,99050,14,99043,7005532,70.73
Div2,f,1990-1999,10,0.00012,0.00012,0.5,99036,12,99030,6906489,69.74
Div2,f,1990-1999,11,0.00013,0.00013,0.5,99024,13,99017,6807459,68.75
Div2,f,1990-1999,12,0.00014,0.00014,0.5,99011,13,99004,6708442,67.75
Div2,f,1990-1999,13,0.00017,0.00017,0.5,98998,17,98989,6609437,66.76
Div2,f,1990-1999,14,0.00020,0.00020,0.5,98981,20,98971,6510448,65.77
Div2,f,1990-1999,15,0.00025,0.00025,0.5,98962,25,98949,6411476,64.79
Div2,f,1990-1999,16,0.00030,0.00030,0.5,98937,30,98922,6312527,63.80
Div2,f,1990-1999,17,0.00037,0.00037,0.5,98907,36,98889,6213605,62.82
Div2,f,1990-1999,18,0.00040,0.00040,0.5,98871,39,98851,6114717,61.85
Div2,f,1990-1999,19,0.00036,0.00036,0.5,98831,36,98814,6015866,60.87
Div2,f,1990-1999,20,0.00039,0.00039,0.5,98796,39,98776,5917052,59.89
Div2,f,1990-1999,21,0.00042,0.00042,0.5,98757,42,98736,5818276,58.92
Div2,f,1990-1999,22,0.00045,0.00045,0.5,98715,44,98693,5719540,57.94
Div2,f,1990-1999,23,0.00048,0.00048,0.5,98671,48,98647,5620847,56.97
Div2,f,1990-1999,24,0.00049,0.00049,0.5,98623,48,98599,5522200,55.99
Div2,f,1990-1999,25,0.00052,0.00052,0.5,98575,51,98549,5423601,55.02
Div2,f,1990-1999,26,0.00058,0.00058,0.5,98524,57,98495,5325052,54.05
Div2,f,1990-1999,27,0.00064,0.00064,0.5,98467,63,98435,5226556,53.08
Div2,f,1990-1999,28,0.00067,0.00067,0.5,98404,66,98371,5128121,52.11
Div2,f,1990-1999,29,0.00070,0.00070,0.5,98338,69,98304,5029750,51.15
Div2,f,1990-1999,30,0.00079,0.00079,0.5,98269,77,98230,4931446,50.18
Div2,f,1990-1999,31,0.00089,0.00089,0.5,98192,88,98148,4833216,49.22
Div2,f,1990-1999,32,0.00093,0.00093,0.5,98104,92,98058,4735068,48.27
Div2,f,1990-1999,33,0.00102,0.00102,0.5,98013,100,97963,4637009,47.31
Div2,f,1990-1999,34,0.00108,0.00108,0.5,97913,105,97860,4539047,46.36
Div2,f,1990-1999,35,0.00115,0.00115,0.5,97807,112,97751,4441187,45.41
Div2,f,1990-1999,36,0.00123,0.00123,0.5,97695,120,97635,4343436,44.46
Div2,f,1990-1999,37,0.00134,0.00134,0.5,97575,131,97509,4245801,43.51
Div2,f,1990-1999,38,0.00151,0.00150,0.5,97444,147,97370,4148292,42.57
Div2,f,1990-1999,39,0.00145,0.00145,0.5,97297,141,97227,4050921,41.63
Div2,f,1990-1999,40,0.00159,0.00159,0.5,97156,154,97079,3953695,40.69
Div2,f,1990-1999,41,0.00172,0.00172,0.5,97002,166,96919,3856616,39.76
Div2,f,1990-1999,42,0.00184,0.00184,0.5,96835,178,96746,3759697,38.83
Div2,f,1990-1999,43,0.00195,0.00195,0.5,96657,188,96563,3662951,37.90
Div2,f,1990-1999,44,0.00204,0.00204,0.5,96469,197,96371,3566388,36.97
Div2,f,1990-1999,45,0.00220,0.00220,0.5,96272,212,96166,3470017,36.04
Div2,f,1990-1999,46,0.00241,0.00240,0.5,96061,231,95945,3373850,35.12
Div2,f,1990-1999,47,0.00257,0.00256,0.5,95830,246,95707,3277905,34.21
Div2,f,1990-1999,48,0.00294,0.00293,0.5,95584,281,95444,3182198,33.29
Div2,f,1990-1999,49,0.00307,0.00307,0.5,95303,292,95157,3086755,32.39
Div2,f,1990-1999,50,0.00330,0.00330,0.5,95011,313,94854,2991597,31.49
Div2,f,1990-1999,51,0.00374,0.00373,0.5,94698,353,94521,2896743,30.59
Div2,f,1990-1999,52,0.00415,0.00414,0.5,94345,391,94149,2802222,29.70
Div2,f,1990-1999,53,0.00446,0.00445,0.5,93954,418,93745,2708072,28.82
Div2,f,1990-1999,54,0.00471,0.00470,0.5,93536,440,93316,2614328,27.95
Div2,f,1990-1999,55,0.00539,0.00538,0.5,93096,500,92846,2521012,27.08
Div2,f,1990-1999,56,0.00584,0.00582,0.5,92596,539,92326,2428166,26.22
Div2,f,1990-1999,57,0.00624,0.00622,0.5,92057,572,91771,2335840,25.37
Div2,f,1990-1999,58,0.00722,0.00720,0.5,91484,658,91155,2244069,24.53
Div2,f,1990-1999,59,0.00769,0.00766,0.5,90826,695,90478,2152914,23.70
Div2,f,1990-1999,60,0.00838,0.00835,0.5,90131,753,89754,2062436,22.88
Div2,f,1990-1999,61,0.00936,0.00932,0.5,89378,833,88962,1972681,22.07
Div2,f,1990-1999,62,0.01020,0.01015,0.5,88545,899,88096,1883720,21.27
Div2,f,1990-1999,63,0.01105,0.01099,0.5,87646,963,87165,1795624,20.49
Div2,f,1990-1999,64,0.01181,0.01174,0.5,86683,1018,86174,1708459,19.71
Div2,f,1990-1999,65,0.01336,0.01327,0.5,85665,1137,85096,1622285,18.94
Div2,f,1990-1999,66,0.01448,0.01438,0.5,84528,1215,83920,1537189,18.19
Div2,f,1990-1999,67,0.01574,0.01561,0.5,83313,1301,82662,1453269,17.44
Div2,f,1990-1999,68,0.01750,0.01735,0.5,82012,1423,81300,1370606,16.71
Div2,f,1990-1999,69,0.01839,0.01822,0.5,80589,1469,79855,1289306,16.00
Div2,f,1990-1999,70,0.02039,0.02019,0.5,79121,1597,78322,1209451,15.29
Div2,f,1990-1999,71,0.02232,0.02208,0.5,77523,1711,76668,1131129,14.59
Div2,f,1990-1999,72,0.02480,0.02449,0.5,75812,1857,74884,1054461,13.91
Div2,f,1990-1999,73,0.02683,0.02648,0.5,73955,1958,72976,979578,13.25
Div2,f,1990-1999,74,0.02895,0.02853,0.5,71997,2054,70970,906601,12.59
Div2,f,1990-1999,75,0.03134,0.03086,0.5,69943,2158,68864,835631,11.95
Div2,f,1990-1999,76,0.03536,0.03474,0.5,67784,2355,66607,766768,11.31
Div2,f,1990-1999,77,0.03863,0.03790,0.5,65429,2480,64189,700161,10.70
Div2,f,1990-1999,78,0.04213,0.04126,0.5,62949,2597,61651,635971,10.10
Div2,f,1990-1999,79,0.04595,0.04492,0.5,60352,2711,58997,574321,9.52
Div2,f,1990-1999,80,0.05430,0.05287,0.5,57641,3047,56117,515324,8.94
Div2,f,1990-1999,81,0.06054,0.05876,0.5,54594,3208,52990,459207,8.41
Div2,f,1990-1999,82,0.06669,0.06454,0.5,51386,3317,49728,406217,7.91
Div2,f,1990-1999,83,0.07383,0.07120,0.5,48069,3423,46358,356489,7.42
Div2,f,1990-1999,84,0.08188,0.07866,0.5,44647,3512,42891,310131,6.95
Div2,f,1990-1999,85,0.09154,0.08753,0.5,41135,3601,39335,267240,6.50
Div2,f,1990-1999,86,0.10132,0.09643,0.5,37534,3619,35725,227905,6.07
Div2,f,1990-1999,87,0.11245,0.10647,0.5,33915,3611,32110,192180,5.67
Div2,f,1990-1999,88,0.12465,0.11734,0.5,30304,3556,28526,160071,5.28
Div2,f,1990-1999,89,0.13992,0.13077,0.5,26748,3498,24999,131545,4.92
Div2,f,1990-1999,90,0.15508,0.14392,0.5,23250,3346,21577,106545,4.58
Div2,f,1990-1999,91,0.17024,0.15689,0.5,19904,3123,18343,84968,4.27
Div2,f,1990-1999,92,0.19160,0.17485,0.5,16782,2934,15314,66625,3.97
Div2,f,1990-1999,93,0.21157,0.19133,0.5,13847,2649,12523,51311,3.71
Div2,f,1990-1999,94,0.23442,0.20982,0.5,11198,2350,10023,38788,3.46
Div2,f,1990-1999,95,0.25078,0.22284,0.5,8848,1972,7862,28765,3.25
Div2,f,1990-1999,96,0.27383,0.24085,0.5,6877,1656,6048,20903,3.04
Div2,f,1990-1999,97,0.29815,0.25947,0.5,5220,1355,4543,14854,2.85
Div2,f,1990-1999,98,0.32367,0.27859,0.5,3866,1077,3327,10311,2.67
Div2,f,1990-1999,99,0.35029,0.29808,0.5,2789,831,2373,6984,2.50
Div2,f,1990-1999,100,0.37787,0.31782,0.5,1958,622,1646,4611,2.36
Div2,f,1990-1999,101,0.40627,0.33767,0.5,1335,451,1110,2964,2.22
Div2,f,1990-1999,102,0.43530,0.35749,0.5,884,316,726,1854,2.10
Div2,f,1990-1999,103,0.46479,0.37715,0.5,568,214,461,1128,1.98
Div2,f,1990-1999,104,0.49453,0.39649,0.5,354,140,284,667,1.88
Div2,f,1990-1999,105,0.52430,0.41540,0.5,214,89,169,383,1.79
Div2,f,1990-1999,106,0.55391,0.43377,0.5,125,54,98,214,1.71
Div2,f,1990-1999,107,0.58313,0.45149,0.5,71,32,55,116,1.64
Div2,f,1990-1999,108,0.61178,0.46848,0.5,39,18,30,61,1.58
Div2,f,1990-1999,109,0.63968,0.48467,0.5,21,10,16,32,1.53
Div2,f,1990-1999,110+,0.66667,1.00000,1.5,11,11,16,16,1.50
Div2,f,2000-2009,0,0.00575,0.00572,0.07,100000,572,99467,8062083,80.62
Div2,f,2000-2009,1,0.00031,0.00031,0.5,99428,31,99412,7962615,80.08
Div2,f,2000-2009,2,0.00022,0.00022,0.5,99397,22,99386,7863203,79.11
Div2,f,2000-2009,3,0.00018,0.00018,0.5,99375,18,99366,7763817,78.13
Div2,f,2000-2009,4,0.00014,0.00014,0.5,99357,14,99350,7664451,77.14
Div2,f,2000-2009,5,0.00011,0.00011,0.5,99343,11,99338,7565101,76.15
Div2,f,2000-2009,6,0.00012,0.00012,0.5,99332,11,99327,7465764,75.16
Div2,f,2000-2009,7,0.00011,0.00011,0.5,99321,11,99316,7366437,74.17
Div2,f,2000-2009,8,0.00010,0.00010,0.5,99310,10,99305,7267121,73.18
Div2,f,2000-2009,9,0.00010,0.00010,0.5,99300,10,99295,7167816,72.18
Div2,f,2000-2009,10,0.00011,0.00011,0.5,99290,11,99284,7068521,71.19
Div2,f,2000-2009,11,0.00011,0.00011,0.5,99279,11,99274,6969237,70.20
Div2,f,2000-2009,12,0.00012,0.00012,0.5,99268,12,99262,6869963,69.21
Div2,f,2000-2009,13,0.00012,0.00012,0.5,99256,12,99250,6770701,68.21
Div2,f,2000-2009,14,0.00015,0.00015,0.5,99244,14,99237,6671451,67.22
Div2,f,2000-2009,15,0.00016,0.00016,0.5,99230,16,99222,6572214,66.23
Div2,f,2000-2009,16,0.00024,0.00024,0.5,99214,23,99202,6472992,65.24
Div2,f,2000-2009,17,0.00030,0.00030,0.5,99190,30,99176,6373790,64.26
Div2,f,2000-2009,18,0.00035,0.00035,0.5,99161,35,99143,6274614,63.28
Div2,f,2000-2009,19,0.00035,0.00035,0.5,99126,35,99108,6175471,62.30
Div2,f,2000-2009,20,0.00037,0.00037,0.5,99091,36,99073,6076363,61.32
Div2,f,2000-2009,21,0.00042,0.00041,0.5,99055,41,99034,5977290,60.34
Div2,f,2000-2009,22,0.00041,0.00041,0.5,99014,41,98993,5878256,59.37
Div2,f,2000-2009,23,0.00041,0.00041,0.5,98973,40,98952,5779262,58.39
Div2,f,2000-2009,24,0.00042,0.00042,0.5,98932,42,98911,5680310,57.42
Div2,f,2000-2009,25,0.00043,0.00043,0.5,98890,43,98869,5581399,56.44
Div2,f,2000-2009,26,0.00046,0.00046,0.5,98847,46,98825,5482530,55.46
Div2,f,2000-2009,27,0.00047,0.00047,0.5,98802,46,98779,5383705,54.49
Div2,f,2000-2009,28,0.00050,0.00050,0.5,98756,49,98731,5284927,53.52
Div2,f,2000-2009,29,0.00050,0.00050,0.5,98707,49,98682,5186195,52.54
Div2,f,2000-2009,30,0.00055,0.00055,0.5,98658,54,98631,5087513,51.57
Div2,f,2000-2009,31,0.00060,0.00060,0.5,98604,59,98574,4988882,50.60
Div2,f,2000-2009,32,0.00065,0.00065,0.5,98544,64,98513,4890308,49.63
Div2,f,2000-2009,33,0.00067,0.00067,0.5,98481,66,98448,4791795,48.66
Div2,f,2000-2009,34,0.00074,0.00074,0.5,98415,73,98378,4693347,47.69
Div2,f,2000-2009,35,0.00080,0.00080,0.5,98342,79,98302,4594969,46.72
Div2,f,2000-2009,36,0.00094,0.00094,0.5,98263,92,98217,4496667,45.76
Div2,f,2000-2009,37,0.00100,0.00099,0.5,98171,98,98122,4398450,44.80
Div2,f,2000-2009,38,0.00109,0.00109,0.5,98073,107,98019,4300328,43.85
Div2,f,2000-2009,39,0.00121,0.00121,0.5,97966,119,97906,4202309,42.90
Div2,f,2000-2009,40,0.00132,0.00132,0.5,97847,129,97783,4104403,41.95
Div2,f,2000-2009,41,0.00142,0.00142,0.5,97718,139,97649,4006620,41.00
Div2,f,2000-2009,42,0.00155,0.00155,0.5,97580,151,97504,3908971,40.06
Div2,f,2000-2009,43,0.00169,0.00169,0.5,97429,164,97346,3811467,39.12
Div2,f,2000-2009,44,0.00189,0.00189,0.5,97264,184,97172,3714121,38.19
Div2,f,2000-2009,45,0.00203,0.00203,0.5,97080,197,96982,3616948,37.26
Div2,f,2000-2009,46,0.00222,0.00221,0.5,96883,215,96776,3519967,36.33
Div2,f,2000-2009,47,0.00237,0.00236,0.5,96669,228,96555,3423190,35.41
Div2,f,2000-2009,48,0.00259,0.00258,0.5,96440,249,96316,3326636,34.49
Div2,f,2000-2009,49,0.00281,0.00281,0.5,96191,270,96056,3230320,33.58
Div2,f,2000-2009,50,0.00300,0.00300,0.5,95921,288,95778,3134263,32.68
Div2,f,2000-2009,51,0.00323,0.00323,0.5,95634,309,95480,3038486,31.77
Div2,f,2000-2009,52,0.00347,0.00346,0.5,95325,330,95160,2943006,30.87
Div2,f,2000-2009,53,0.00380,0.00380,0.5,94996,361,94815,2847846,29.98
Div2,f,2000-2009,54,0.00407,0.00406,0.5,94635,384,94443,2753030,29.09
Div2,f,2000-2009,55,0.00452,0.00451,0.5,94251,425,94038,2658587,28.21
Div2,f,2000-2009,56,0.00468,0.00466,0.5,93826,438,93607,2564549,27.33
Div2,f,2000-2009,57,0.00529,0.00527,0.5,93388,493,93142,2470942,26.46
Div2,f,2000-2009,58,0.00570,0.00568,0.5,92896,528,92632,2377800,25.60
Div2,f,2000-2009,59,0.00626,0.00624,0.5,92368,576,92079,2285168,24.74
Div2,f,2000-2009,60,0.00703,0.00700,0.5,91791,643,91470,2193089,23.89
Div2,f,2000-2009,61,0.00764,0.00761,0.5,91149,694,90802,2101619,23.06
Div2,f,2000-2009,62,0.00827,0.00824,0.5,90455,745,90082,2010817,22.23
Div2,f,2000-2009,63,0.00913,0.00909,0.5,89710,816,89302,1920735,21.41
Div2,f,2000-2009,64,0.00993,0.00988,0.5,88894,879,88455,1831433,20.60
Div2,f,2000-2009,65,0.01084,0.01078,0.5,88016,949,87541,1742978,19.80
Div2,f,2000-2009,66,0.01189,0.01182,0.5,87067,1029,86552,1655436,19.01
Div2,f,2000-2009,67,0.01301,0.01293,0.5,86038,1112,85482,1568884,18.23
Div2,f,2000-2009,68,0.01413,0.01403,0.5,84925,1191,84330,1483403,17.47
Div2,f,2000-2009,69,0.01557,0.01545,0.5,83734,1294,83087,1399073,16.71
Div2,f,2000-2009,70,0.01725,0.01710,0.5,82440,1410,81735,1315986,15.96
Div2,f,2000-2009,71,0.01868,0.01851,0.5,81031,1500,80281,1234250,15.23
Div2,f,2000-2009,72,0.02064,0.02043,0.5,79531,1625,78719,1153969,14.51
Div2,f,2000-2009,73,0.02259,0.02234,0.5,77906,1740,77036,1075251,13.80
Div2,f,2000-2009,74,0.02493,0.02463,0.5,76166,1876,75228,998214,13.11
Div2,f,2000-2009,75,0.02784,0.02746,0.5,74291,2040,73270,922986,12.42
Div2,f,2000-2009,76,0.03022,0.02977,0.5,72250,2151,71175,849716,11.76
Div2,f,2000-2009,77,0.03319,0.03265,0.5,70099,2289,68955,778541,11.11
Div2,f,2000-2009,78,0.03724,0.03656,0.5,67811,2479,66571,709586,10.46
Div2,f,2000-2009,79,0.04094,0.04012,0.5,65332,2621,64021,643014,9.84
Div2,f,2000-2009,80,0.04824,0.04710,0.5,62711,2954,61234,578993,9.23
Div2,f,2000-2009,81,0.05369,0.05228,0.5,59757,3124,58195,517759,8.66
Div2,f,2000-2009,82,0.05998,0.05823,0.5,56633,3298,54984,459564,8.11
Div2,f,2000-2009,83,0.06745,0.06525,0.5,53335,3480,51595,404580,7.59
Div2,f,2000-2009,84,0.07545,0.07271,0.5,49855,3625,48043,352985,7.08
Div2,f,2000-2009,85,0.08554,0.08203,0.5,46230,3792,44334,304942,6.60
Div2,f,2000-2009,86,0.09619,0.09178,0.5,42438,3895,40491,260608,6.14
Div2,f,2000-2009,87,0.10793,0.10240,0.5,38543,3947,36570,220118,5.71
Div2,f,2000-2009,88,0.12111,0.11420,0.5,34596,3951,32621,183548,5.31
Div2,f,2000-2009,89,0.13639,0.12769,0.5,30645,3913,28689,150927,4.92
Div2,f,2000-2009,90,0.15076,0.14020,0.5,26732,3748,24859,122238,4.57
Div2,f,2000-2009,91,0.17031,0.15694,0.5,22985,3607,21181,97380,4.24
Div2,f,2000-2009,92,0.19008,0.17358,0.5,19377,3364,17696,76199,3.93
Div2,f,2000-2009,93,0.21053,0.19048,0.5,16014,3050,14489,58503,3.65
Div2,f,2000-2009,94,0.23279,0.20852,0.5,12963,2703,11612,44014,3.40
Div2,f,2000-2009,95,0.25636,0.22724,0.5,10260,2332,9095,32403,3.16
Div2,f,2000-2009,96,0.28187,0.24705,0.5,7929,1959,6949,23308,2.94
Div2,f,2000-2009,97,0.30886,0.26755,0.5,5970,1597,5171,16359,2.74
Div2,f,2000-2009,98,0.33723,0.28857,0.5,4373,1262,3742,11187,2.56
Div2,f,2000-2009,99,0.36681,0.30996,0.5,3111,964,2629,7445,2.39
Div2,f,2000-2009,100,0.39744,0.33155,0.5,2147,712,1791,4817,2.24
Div2,f,2000-2009,101,0.42889,0.35316,0.5,1435,507,1182,3026,2.11
Div2,f,2000-2009,102,0.46092,0.37459,0.5,928,348,754,1844,1.99
Div2,f,2000-2009,103,0.49328,0.39569,0.5,580,230,466,1090,1.88
Div2,f,2000-2009,104,0.52570,0.41628,0.5,351,146,278,624,1.78
Div2,f,2000-2009,105,0.55790,0.43622,0.5,205,89,160,347,1.69
Div2,f,2000-2009,106,0.58962,0.45537,0.5,115,53,89,186,1.61
Div2,f,2000-2009,107,0.62062,0.47364,0.5,63,30,48,97,1.55
Div2,f,2000-2009,108,0.65066,0.49094,0.5,33,16,25,49,1.49
Div2,f,2000-2009,109,0.67955,0.50721,0.5,17,9,13,24,1.44
Div2,f,2000-2009,110+,0.70712,1.00000,1.41,8,8,12,12,1.41
Div2,f,2010-2019,0,0.00467,0.00465,0.07,100000,465,99566,8223339,82.23
Div2,f,2010-2019,1,0.00028,0.00028,0.5,99535,28,99522,8123772,81.62
Div2,f,2010-2019,2,0.00018,0.00018,0.5,99508,18,99499,8024251,80.64
Div2,f,2010-2019,3,0.00014,0.00014,0.5,99490,14,99483,7924752,79.65
Div2,f,2010-2019,4,0.00011,0.00011,0.5,99476,11,99470,7825269,78.67
Div2,f,2010-2019,5,0.00009,0.00009,0.5,99465,9,99460,7725799,77.67
Div2,f,2010-2019,6,0.00010,0.00010,0.5,99455,10,99451,7626339,76.68
Div2,f,2010-2019,7,0.00008,0.00008,0.5,99446,8,99441,7526889,75.69
Div2,f,2010-2019,8,0.00010,0.00010,0.5,99437,10,99432,7427447,74.69
Div2,f,2010-2019,9,0.00008,0.00008,0.5,99428,8,99424,7328015,73.70
Div2,f,2010-2019,10,0.00008,0.00008,0.5,99420,8,99416,7228591,72.71
Div2,f,2010-2019,11,0.00009,0.00009,0.5,99412,9,99407,7129176,71.71
Div2,f,2010-2019,12,0.00009,0.00009,0.5,99403,9,99398,7029768,70.72
Div2,f,2010-2019,13,0.00011,0.00011,0.5,99394,11,99388,6930370,69.73
Div2,f,2010-2019,14,0.00013,0.00013,0.5,99383,13,99376,6830982,68.73
Div2,f,2010-2019,15,0.00013,0.00013,0.5,99370,13,99363,6731606,67.74
Div2,f,2010-2019,16,0.00016,0.00016,0.5,99357,16,99349,6632242,66.75
Div2,f,2010-2019,17,0.00021,0.00021,0.5,99341,21,99330,6532894,65.76
Div2,f,2010-2019,18,0.00026,0.00026,0.5,99320,26,99307,6433563,64.78
Div2,f,2010-2019,19,0.00030,0.00030,0.5,99294,29,99279,6334257,63.79
Div2,f,2010-2019,20,0.00036,0.00036,0.5,99264,36,99247,6234978,62.81
Div2,f,2010-2019,21,0.00040,0.00040,0.5,99229,40,99209,6135731,61.83
Div2,f,2010-2019,22,0.00043,0.00043,0.5,99189,42,99168,6036522,60.86
Div2,f,2010-2019,23,0.00046,0.00046,0.5,99146,45,99124,5937355,59.88
Div2,f,2010-2019,24,0.00047,0.00047,0.5,99101,46,99078,5838231,58.91
Div2,f,2010-2019,25,0.00048,0.00048,0.5,99055,48,99031,5739153,57.94
Div2,f,2010-2019,26,0.00054,0.00054,0.5,99007,53,98980,5640122,56.97
Div2,f,2010-2019,27,0.00055,0.00055,0.5,98954,55,98926,5541142,56.00
Div2,f,2010-2019,28,0.00058,0.00058,0.5,98899,58,98870,5442215,55.03
Div2,f,2010-2019,29,0.00061,0.00061,0.5,98842,60,98811,5343345,54.06
Div2,f,2010-2019,30,0.00066,0.00066,0.5,98781,65,98749,5244534,53.09
Div2,f,2010-2019,31,0.00070,0.00070,0.5,98716,69,98682,5145785,52.13
Div2,f,2010-2019,32,0.00072,0.00072,0.5,98647,71,98612,5047103,51.16
Div2,f,2010-2019,33,0.00073,0.00073,0.5,98577,72,98540,4948491,50.20
Div2,f,2010-2019,34,0.00080,0.00080,0.5,98504,79,98465,4849951,49.24
Div2,f,2010-2019,35,0.00084,0.00084,0.5,98426,83,98384,4751486,48.27
Div2,f,2010-2019,36,0.00091,0.00091,0.5,98343,89,98298,4653102,47.32
Div2,f,2010-2019,37,0.00094,0.00094,0.5,98254,92,98208,4554804,46.36
Div2,f,2010-2019,38,0.00100,0.00100,0.5,98162,98,98113,4456596,45.40
Div2,f,2010-2019,39,0.00106,0.00106,0.5,98064,104,98012,4358484,44.45
Div2,f,2010-2019,40,0.00115,0.00115,0.5,97960,113,97904,4260472,43.49
Div2,f,2010-2019,41,0.00121,0.00121,0.5,97848,119,97788,4162568,42.54
Div2,f,2010-2019,42,0.00135,0.00134,0.5,97729,131,97663,4064779,41.59
Div2,f,2010-2019,43,0.00145,0.00145,0.5,97598,141,97527,3967116,40.65
Div2,f,2010-2019,44,0.00154,0.00154,0.5,97456,150,97382,3869589,39.71
Div2,f,2010-2019,45,0.00173,0.00173,0.5,97307,169,97222,3772207,38.77
Div2,f,2010-2019,46,0.00192,0.00192,0.5,97138,186,97045,3674985,37.83
Div2,f,2010-2019,47,0.00211,0.00211,0.5,96952,204,96850,3577940,36.90
Div2,f,2010-2019,48,0.00226,0.00226,0.5,96748,218,96639,3481090,35.98
Div2,f,2010-2019,49,0.00247,0.00246,0.5,96530,238,96411,3384451,35.06
Div2,f,2010-2019,50,0.00277,0.00276,0.5,96292,266,96159,3288041,34.15
Div2,f,2010-2019,51,0.00301,0.00300,0.5,96026,288,95882,3191882,33.24
Div2,f,2010-2019,52,0.00326,0.00326,0.5,95738,312,95582,3096000,32.34
Div2,f,2010-2019,53,0.00344,0.00343,0.5,95426,328,95262,3000418,31.44
Div2,f,2010-2019,54,0.00376,0.00375,0.5,95098,357,94920,2905156,30.55
Div2,f,2010-2019,55,0.00403,0.00403,0.5,94741,381,94550,2810237,29.66
Div2,f,2010-2019,56,0.00449,0.00448,0.5,94360,423,94148,2715687,28.78
Div2,f,2010-2019,57,0.00481,0.00480,0.5,93937,451,93712,2621538,27.91
Div2,f,2010-2019,58,0.00514,0.00513,0.5,93486,480,93246,2527827,27.04
Div2,f,2010-2019,59,0.00548,0.00547,0.5,93007,508,92752,2434580,26.18
Div2,f,2010-2019,60,0.00596,0.00594,0.5,92498,549,92224,2341828,25.32
Div2,f,2010-2019,61,0.00647,0.00644,0.5,91949,593,91653,2249604,24.47
Div2,f,2010-2019,62,0.00706,0.00704,0.5,91356,643,91035,2157951,23.62
Div2,f,2010-2019,63,0.00755,0.00752,0.5,90713,682,90372,2066917,22.79
Div2,f,2010-2019,64,0.00828,0.00825,0.5,90031,743,89660,1976545,21.95
Div2,f,2010-2019,65,0.00897,0.00893,0.5,89288,797,88889,1886885,21.13
Div2,f,2010-2019,66,0.00981,0.00976,0.5,88491,864,88059,1797995,20.32
Div2,f,2010-2019,67,0.01080,0.01074,0.5,87627,941,87157,1709937,19.51
Div2,f,2010-2019,68,0.01178,0.01171,0.5,86686,1015,86179,1622780,18.72
Div2,f,2010-2019,69,0.01296,0.01288,0.5,85671,1103,85120,1536601,17.94
Div2,f,2010-2019,70,0.01442,0.01432,0.5,84568,1211,83963,1451482,17.16
Div2,f,2010-2019,71,0.01569,0.01557,0.5,83357,1298,82708,1367519,16.41
Div2,f,2010-2019,72,0.01727,0.01712,0.5,82060,1405,81357,1284811,15.66
Div2,f,2010-2019,73,0.01901,0.01883,0.5,80655,1518,79895,1203454,14.92
Div2,f,2010-2019,74,0.02100,0.02078,0.5,79136,1645,78314,1123558,14.20
Div2,f,2010-2019,75,0.02309,0.02283,0.5,77491,1769,76607,1045244,13.49
Div2,f,2010-2019,76,0.02558,0.02526,0.5,75722,1913,74766,968638,12.79
Div2,f,2010-2019,77,0.02826,0.02787,0.5,73810,2057,72781,893872,12.11
Div2,f,2010-2019,78,0.03122,0.03074,0.5,71753,2206,70650,821090,11.44
Div2,f,2010-2019,79,0.03459,0.03400,0.5,69547,2365,68365,750440,10.79
Div2,f,2010-2019,80,0.03884,0.03810,0.5,67183,2559,65903,682075,10.15
Div2,f,2010-2019,81,0.04327,0.04235,0.5,64623,2737,63255,616173,9.53
Div2,f,2010-2019,82,0.04891,0.04775,0.5,61886,2955,60409,552918,8.93
Div2,f,2010-2019,83,0.05478,0.05332,0.5,58932,3142,57361,492509,8.36
Div2,f,2010-2019,84,0.06174,0.05989,0.5,55790,3341,54119,435148,7.80
Div2,f,2010-2019,85,0.06963,0.06729,0.5,52448,3529,50684,381029,7.26
Div2,f,2010-2019,86,0.07884,0.07585,0.5,48919,3711,47064,330346,6.75
Div2,f,2010-2019,87,0.09028,0.08638,0.5,45209,3905,43256,283282,6.27
Div2,f,2010-2019,88,0.10134,0.09645,0.5,41303,3984,39312,240026,5.81
Div2,f,2010-2019,89,0.11615,0.10978,0.5,37320,4097,35271,200714,5.38
Div2,f,2010-2019,90,0.13215,0.12396,0.5,33223,4118,31164,165443,4.98
Div2,f,2010-2019,91,0.14783,0.13766,0.5,29105,4006,27101,134279,4.61
Div2,f,2010-2019,92,0.16649,0.15370,0.5,25098,3858,23169,107178,4.27
Div2,f,2010-2019,93,0.18585,0.17005,0.5,21241,3612,19435,84008,3.96
Div2,f,2010-2019,94,0.20959,0.18971,0.5,17629,3344,15957,64573,3.66
Div2,f,2010-2019,95,0.22937,0.20577,0.5,14284,2939,12815,48617,3.40
Div2,f,2010-2019,96,0.25426,0.22559,0.5,11345,2559,10065,35802,3.16
Div2,f,2010-2019,97,0.28087,0.24629,0.5,8786,2164,7704,25737,2.93
Div2,f,2010-2019,98,0.30911,0.26773,0.5,6622,1773,5735,18033,2.72
Div2,f,2010-2019,99,0.33885,0.28976,0.5,4849,1405,4147,12297,2.54
Div2,f,2010-2019,100,0.36992,0.31218,0.5,3444,1075,2906,8151,2.37
Div2,f,2010-2019,101,0.40211,0.33480,0.5,2369,793,1972,5245,2.21
Div2,f,2010-2019,102,0.43516,0.35740,0.5,1576,563,1294,3272,2.08
Div2,f,2010-2019,103,0.46880,0.37978,0.5,1013,385,820,1978,1.95
Div2,f,2010-2019,104,0.50272,0.40174,0.5,628,252,502,1158,1.84
Div2,f,2010-2019,105,0.53662,0.42310,0.5,376,159,296,656,1.75
Div2,f,2010-2019,106,0.57019,0.44369,0.5,217,96,169,360,1.66
Div2,f,2010-2019,107,0.60312,0.46338,0.5,121,56,93,191,1.58
Div2,f,2010-2019,108,0.63514,0.48205,0.5,65,31,49,98,1.52
Div2,f,2010-2019,109,0.66601,0.49963,0.5,34,17,25,49,1.47
Div2,f,2010-2019,110+,0.69552,1.00000,1.44,17,17,24,24,1.44
